카테고리	네이버지도링크	홈페이지 필요도	업체명	폴더명	배포주소	진행상황	사진및db	연락처	주소	평균금액	sns	sns	sns	홈페이지	기타
숙박업	https://m.place.naver.com/accommodation/2036409548/home	40%	사누르제주	260930-sanur	https://sanur.adopter.co.kr	수집대기	대기	0507-1360-4845	제주 제주시 애월읍 중용길 65 A동, B동	300000	https://www.instagram.com/sanur.jeju			홈페이지	
숙박업	https://m.place.naver.com/accommodation/1831033368/home	40%	하일리제주	260930-haily	https://haily.adopter.co.kr	수집대기	대기	0507-1364-5625	제주 제주시 애월읍 수산8길 6	300000				홈페이지	
숙박업	https://m.place.naver.com/accommodation/1266911405/home	40%	스테이느긋	260930-negeut	https://negeut.adopter.co.kr	수집대기	대기	0507-1482-8211	제주 제주시 애월읍 오당빌레길 30 스테이느긋	300000	https://www.instagram.com/stay__negeut	https://blog.naver.com/stay__negeut		홈페이지	
숙박업	https://m.place.naver.com/accommodation/160795798/home	40%	하루를품다	260930-aewolrowa	https://aewolrowa.adopter.co.kr	수집대기	대기	0507-1497-1007	제주 서귀포시 안덕면 동광본동로 29 하루를품다펜션	300000	https://www.instagram.com/7another_day	https://blog.naver.com/seoul0717		홈페이지	
숙박업	https://m.place.naver.com/accommodation/1076531080/home	40%	곁겹	260930-gyeotgyeop	https://gyeotgyeop.adopter.co.kr	수집대기	대기	0507-1323-6055	제주 제주시 한림읍 한림로 224-6 제주곁겹	300000	https://www.instagram.com/gyeotgyeop			홈페이지	
숙박업	https://m.place.naver.com/accommodation/1293795324/home	40%	후아힌협재 풀빌라	260930-huahin	https://huahin.adopter.co.kr	수집대기	대기	0507-1393-4399	제주 제주시 한림읍 명재로 61-13	300000				홈페이지	
숙박업	https://m.place.naver.com/accommodation/2000699781/home	40%	금능여관	260930-geumneung	https://geumneung.adopter.co.kr	수집대기	대기	0507-1423-0976	제주 제주시 한림읍 한림로 245-5 금능여관	300000				홈페이지	
숙박업	https://m.place.naver.com/accommodation/1299722517/home	40%	스테이한담	260930-handam	https://handam.adopter.co.kr	수집대기	대기	0507-1315-4934	제주 제주시 애월읍 납읍동2길 33-7	300000	https://www.instagram.com/stay_handam	https://blog.naver.com/stay_handam		홈페이지	
숙박업	https://m.place.naver.com/accommodation/38729145/home	40%	플루메리아 펜션	260930-plumeria	https://plumeria.adopter.co.kr	수집대기	대기	0507-1411-8705	제주 제주시 애월읍 애월해안로 476 .	300000	http://www.instagram.com/plumeria_pension	https://blog.naver.com/mckim1978		홈페이지	
숙박업	https://m.place.naver.com/accommodation/2576795/home	40%	한림 몽돌하우스	260930-mongdol	https://mongdol.adopter.co.kr	수집대기	대기			300000				홈페이지	
